<?xml version="1.0" encoding="UTF-8"?>
<GridLayout xmlns="http://schemas.nativescript.org/tns.xsd" rows="auto, *">
    <!-- Filters -->
    <GridLayout row="0" columns="*, *, *" class="p-2 bg-gray-100">
        <Button col="0" text="{{ selectedLanguage }}" tap="onLanguageFilter" class="m-1" />
        <Button col="1" text="{{ selectedLevel }}" tap="onLevelFilter" class="m-1" />
        <Button col="2" text="{{ selectedCategory }}" tap="onCategoryFilter" class="m-1" />
    </GridLayout>

    <!-- Course List -->
    <ListView row="1" items="{{ filteredCourses }}" class="list-group">
        <ListView.itemTemplate>
            <GridLayout columns="auto, *" rows="auto, auto" class="p-2 border-b border-gray-200">
                <Image col="0" rowSpan="2" src="{{ thumbnailUrl }}" width="100" height="100" class="rounded-lg" />
                <StackLayout col="1" row="0" class="ml-2">
                    <Label text="{{ title }}" class="font-bold text-lg" />
                    <Label text="{{ instructorName }}" class="text-sm text-gray-600" />
                </StackLayout>
                <GridLayout col="1" row="1" columns="auto, auto, *" class="ml-2">
                    <Label col="0" text="{{ level }}" class="text-xs bg-blue-100 text-blue-800 px-2 py-1 rounded" />
                    <Label col="1" text="{{ duration + ' min' }}" class="text-xs text-gray-600 ml-2" />
                    <Label col="2" text="{{ '₹' + price }}" class="text-right font-bold text-green-600" />
                </GridLayout>
            </GridLayout>
        </ListView.itemTemplate>
    </ListView>
</GridLayout>