<?xml version="1.0" encoding="UTF-8"?>
<Page xmlns="http://schemas.nativescript.org/tns.xsd" navigatingTo="navigatingTo" class="bg-gray-50">
    <ActionBar title="E-Learning Platform" class="bg-blue-600 text-white">
        <ActionBar.actionItems>
            <ActionItem ios.position="right" android.position="actionBar">
                <ActionItem.actionView>
                    <Label text="&#xf007;" class="fas text-white text-lg p-2" />
                </ActionItem.actionView>
            </ActionItem>
        </ActionBar.actionItems>
    </ActionBar>

    <TabView androidTabsPosition="bottom">
        <!-- Home Tab -->
        <TabViewItem title="Home" ios:iconSource="res://home" android:iconSource="res://home">
            <TabViewItem.view>
                <ScrollView>
                    <StackLayout class="p-4">
                        <!-- Welcome Section -->
                        <Label text="Welcome to Learning" class="text-2xl font-bold mb-2" />
                        <Label text="Explore courses in your preferred language" class="text-gray-600 mb-4" />

                        <!-- Language Selection -->
                        <GridLayout rows="auto" columns="*, *" class="mb-4">
                            <Button text="Change Language" tap="onChangeLanguage" class="bg-blue-600 text-white rounded-lg p-3" col="0" />
                            <Label text="{{ currentLanguage }}" class="text-right p-3 text-blue-600" col="1" />
                        </GridLayout>

                        <!-- Featured Courses -->
                        <Label text="Featured Courses" class="text-xl font-bold mb-2" />
                        <include src="components/course-list/course-list" />
                    </StackLayout>
                </ScrollView>
            </TabViewItem.view>
        </TabViewItem>

        <!-- My Courses Tab -->
        <TabViewItem title="My Courses" ios:iconSource="res://book" android:iconSource="res://book">
            <TabViewItem.view>
                <Label text="My Courses coming soon..." class="text-center p-4" />
            </TabViewItem.view>
        </TabViewItem>

        <!-- Profile Tab -->
        <TabViewItem title="Profile" ios:iconSource="res://user" android:iconSource="res://user">
            <TabViewItem.view>
                <Label text="Profile coming soon..." class="text-center p-4" />
            </TabViewItem.view>
        </TabViewItem>
    </TabView>
</Page>